id,title,description,published_at,subscriber_count,view_count,video_count,country,thumbnail
UComySRxT-AkOin_Y7FRAg5A,saiprasanna jatoth,"Hi...
This is saiprasanna jatoth...
I need your support guys..!pls encourage me ...ur encouragement, gives lots of energy to me....ğŸ˜
   I will give my best...to u
       Na shakthi unnantha varaku mimmalni entertain chestha.....ğŸ¤˜â˜ºï¸ 
Mail: vedakshirajput2020@gmail.com",2021-03-27T07:36:14.922001Z,3230000,3440406453,2498,US,https://yt3.ggpht.com/FyJY8RAuxX3ptddw1AQcMx6lT3fHYMt7gViLmEQn7x8co17LavbULYD5Q5aBEDE6M9FN28tnwA=s88-c-k-c0x00ffffff-no-rj
UCDNvRZRgvkBTUkQzFoT_8rA,ëœ¬ëœ¬ DdeunDdeun,"ì¢‹ì€ ì‚¬ëŒ, ì¢‹ì€ ì´ì•¼ê¸°, ì¢‹ì€ ì›ƒìŒ, ìš°ë¦¬ 'ëœ¬ëœ¬'í•œ ì‚¬ì´ ë¼ë´ìš”ğŸ’•

íë§ ë§ê³  í—ë  íƒ€ì„ ğŸŒ¸ê¹¡ì´Œìº‰ìŠ¤ğŸŒ¸
ë§¤ì£¼ í† ìš”ì¼ ì˜¤ì „ 9ì‹œì— ì¦ê²¨ìš”ğŸ˜

ğŸ¤“ìœ ì„ ë°° ë³µì§€ ì½˜í…ì¸ ğŸ—£í† í¬ì°Œê°œë§›ì§‘ğŸ¥˜
ğŸ“í•‘ê³„ê³ ğŸ“ëŠ” ë¶ˆì‹œì— ì°¾ì•„ì˜µë‹ˆë‹¤! 

ğŸ””ëµ-ë™~ ë³¸ê²© ì  ê¹¨ëŠ” ìš”ë¦¬ ì½˜í…ì¸  
ğŸ½ë°©ë¬¸ ì‹¤ë¹„ì§‘ğŸ½ì€ ê²©ì£¼ ì¼ìš”ì¼ ì˜¤ì „ 11ì‹œ ë§Œë‚˜ìš”!

ğŸ™ğŸ» plz êµ¬ë…â˜ì•Œë¦¼ì„¤ì •ğŸ”” plz ğŸ™ğŸ»

ë­ë“ ì§€ ë¬¸ì˜í•  ë•, ddeunddeun@antenna.co.kr
ì¸ìŠ¤íƒ€ ë†€ëŸ¬ì˜¬ ë•, @ddeun._.ddeun
",2022-10-04T07:24:23.973864Z,2680000,718371176,338,KR,https://yt3.ggpht.com/D0eRDrxMc6Yu0AZSQobnV21TwXPPUo9GWk4a5RunYUXpjyLqJdqw-WNeEZ1RjVfH39TeHr37ng=s88-c-k-c0x00ffffff-no-rj
UCJ5v_MCY6GNUBTO8-D3XoAg,WWE,"WWE on YouTube is your number one spot to catch WWE original shows and exclusives!

Watch videos from all of your favorite WWE Superstars, backstage fallout from live shows including Raw, SmackDown, NXT and original shows such as Top 10, WWE Playlist, Superstar Playback and much more! 

Subscribe - https://goo.gl/2YO0Is

Where to watch WWE: https://wwe.com/wheretowatch

Watch WWE on Netflix: http://netflix.com/WWE
Watch WWE on Peacock: https://pck.tv/3ZTjVE7
",2007-05-11T01:20:02Z,109000000,95504450188,85534,US,https://yt3.ggpht.com/ytc/AIdro_muzDjR0hfGdlXBS-2A8NfR-Q9e-PO96K-gxrm2i1jSStI7=s88-c-k-c0x00ffffff-no-rj
UCtS6agEdzFkiNkGshvhbSuQ,seema lamba,"Hi, everyone .
welcome to our channel.
We are a young couple having two sweet children. We are here to make good entertaining video album for you and for ourselves to save memorable moments of life. ",2023-06-04T09:45:49.783304Z,5120000,4271415903,1274,US,https://yt3.ggpht.com/z_XeydAQ6Kn060uLUd2hBaBf7lHO10TehT81fmQCMIj-jvFix41qCGDaYkUD2h19lJql4Cko8Q=s88-c-k-c0x00ffffff-no-rj
UCKeb1zCZ8mGNtQT1fYQGigA,JAPANã®é€¸è©±,"
",2023-03-23T12:07:08.282067Z,329000,461965657,685,JP,https://yt3.ggpht.com/X0Wl1aVtrzmzkjNFqdh2Org2_IsKyUO47vBQ9L9_tEE9za4Wppy4cD9Q9QaPE1FitGF0SBjs=s88-c-k-c0x00ffffff-no-rj
UCdlJx-w37viXFNq__qZ7ARQ,PAULINHO O LOKO,"Oi, eu sou o Paulinho o LOKO!",2017-11-24T23:01:36Z,6820000,2245766275,1131,BR,https://yt3.ggpht.com/N9bKODEu-waLRmefT9sxTGZI06s65PDq3mTu7DT0SnaagPFbuziW-6OrxfOr2KbONmubx-zylw=s88-c-k-c0x00ffffff-no-rj
UCqOwcxgDCjnHNgMt9A3Ua8w,Diana Belitskay,"Hello , Iâ€™m Diana ğŸ’Œ

Business contact: dibelitskay@gmail.com",2014-11-25T18:39:10Z,25200000,23382938316,5796,US,https://yt3.ggpht.com/LuISwINk46heUDL0p6IF8Q5WYELSB8Wh7r41TKoiLHzB0fH7n7G3NO-olf1LODPnaGuDMsHUAJA=s88-c-k-c0x00ffffff-no-rj
UCuTKQx84XfjD1KuOPbG4i6Q,JuanFe Castro,"4/5 Universo C ğŸ‘½ğŸª

BAILA, RIE, SUEÃ‘A ğŸ’™

Mi academia virtual: 
https://cursos.juanfecastro.com/

InscrÃ­bete a mi curso Ahora!: 
https://cursos.juanfecastro.com/courses/aprende-a-bailar-desde-cero

ğŸ’¼ juanfecastro@ponchtalent.com",2012-03-01T16:53:10Z,9150000,2806367708,2340,MX,https://yt3.ggpht.com/wqO54AA1PU7X5ciTnmYKsVi77KTlKC0JnxQ-Z0MlL9gyAx2NbeDelfqAgzg2sRhevBVYhrJVng=s88-c-k-c0x00ffffff-no-rj
UCpHWPnW9vt633EjaZ3GsWGw,SerialTwister,"Welcome to ''SerialTwister'' If you like my review, please send your love in the comments and like. Thank you.

About This Channel: New Promo Reviews Everyday This is Original Review Content Channel.
",2023-05-07T08:59:27.351864Z,872000,288619669,5632,IN,https://yt3.ggpht.com/TBLc91_hUMBWLzxc3iWzTWf_FfARlfjPV2YlIKhC50jqteJ9N8Uk8zcSEHz9Vg7f7sZLuOaXpFw=s88-c-k-c0x00ffffff-no-rj
UCYcHl_sebF_nasxXIl-vYhQ,Rahul & Munmun,"For any business enquiries Contact me - ohmygod9131@gmail.com

Instagram id - Rahulsahani9131



I have every international cricket extended highlights or Ball by ball matches from 2010-2023 in HD version
If you guy's wants them then contact from above Email 



LaughğŸ˜‚, EmotionğŸ˜­ ,Thrill ğŸ˜ˆ are most important part of life

We will going to provide you best content and always try to make you happy ğŸ˜

We are content creator. Will create a new ideas in cricket field and going to established here.

Subscribe this channel to stay connected. I Hope you will not going to disappoint â¤ï¸


",2023-03-26T12:18:42.402772Z,2780000,3785876086,1164,IN,https://yt3.ggpht.com/0cmYMLkv4HMxPe4HrVP2FsmI7NppPgiBi47nhTMw6R3vHhXaJCl8T-Ze3gtNxE4kH8MII-A-=s88-c-k-c0x00ffffff-no-rj
UC_k6e2PPDUnxEdMJC9Q044g,Adam W,Adam Waheed,2015-10-04T00:45:46Z,20500000,17533041147,980,US,https://yt3.ggpht.com/buX9y9Ml0MixrkSl5kyMVKskdu9GRS3wf2a8BGbFY4mE5QWOrIkaDMX8i_OlnjRwwlFqQDvYKA=s88-c-k-c0x00ffffff-no-rj
UC7Zn4laodB7rLEo9as21JSg,Party Tunes,,2025-01-31T00:36:12.940126Z,569000,128836484,157,NL,https://yt3.ggpht.com/z7hmMDeJqH8tM0rdnRjeghD6isD5-JAOeyh2lQEa_xlB-qSJqTdkIeFEwUkX1FChzSxSXrVG=s88-c-k-c0x00ffffff-no-rj
UCNzmmbXIbMzlqE8nD1PBXfg,Dangal TV Channel,"Dangal TV is a 24-hour General Entertainment Channel with a strong reach across all Hindi-speaking markets. The channel caters to both urban and rural audiences. Dangal TV is a popular destination for high-quality content across all genres, including family drama, supernatural, mythology, slice of life, and crime shows.

Watch full episodes and scenes from our on-air shows: Mann Sundar, Mann Ati Sundar, Lekar Hum Deewana Dil, Gehna: Zewar Ya Zanjeer, Tulsi Hamari Badi Sayani, Dilwali Dulha Le Jayegi , Prem Leela, Aye Dil Jee Le Zaraa and Safal Hogi Teri Aradhana.


",2017-08-02T11:06:56Z,48500000,36816314614,43246,IN,https://yt3.ggpht.com/JIt8cyzUH7FSN5h7bnVf1eWt27cHL6USpl_lkrjx3d831K_U1YLQWvrTO5zMokSPhU1F-RRStg=s88-c-k-c0x00ffffff-no-rj
UCzoUWqjCbcfWFdOMvoep8FA,Juan De Dios Pantoja,Gracias por ser parte de esta familia ğŸ«¶ğŸ»,2014-06-09T18:02:23Z,49100000,7141407281,473,MX,https://yt3.ggpht.com/En0s2T-YxAm-uqrG-7ND0tcj7skVFzkN_LF0w2E_drO0bxW4nC4SppGQEv53wKoCUsBn9UAU3g=s88-c-k-c0x00ffffff-no-rj
UCiVs2pnGW5mLIc1jS2nxhjg,ê¹€í”„ë¡œKIMPRO,"ë¬¸ì˜ : fm1778@naver.com
âš ï¸í—ˆê°€ ì—†ì´ ì˜ìƒ ì‚¬ìš© ê¸ˆì§€âš ï¸
",2017-11-11T17:13:52Z,109000000,85573904477,3270,KR,https://yt3.ggpht.com/61lpQx0TizD-UeJSv10975lLAt09xRHu0T8cz_6LnLGFwA_5L-Vz-Qa_GOXsthdkh8G7jXv1oQ=s88-c-k-c0x00ffffff-no-rj
UC2xBh2nwvOwBqnA1tEbPCZw,Just Alyssa :),Silly and not afraid to be myself ğŸ˜,2015-07-29T23:07:02Z,27600000,14368273320,1177,US,https://yt3.ggpht.com/YIh72c1-vuClD-zWqr5fN2gOKhHkvREs7StScppGVveN386yl5vwk69-PjfXGdCSgvfqDAp0KQ=s88-c-k-c0x00ffffff-no-rj
UC7Lta_EuGv5BXoLTpUutvBA,Filaretiki,"â„– 5083506195 
Hello, friends! This is our official YouTube channel! We love TikTok videos, and YouTube! This channel with social videos shows different life situations! We love our subscribers very much!",2021-03-24T09:31:45.759441Z,29100000,30264150354,4827,US,https://yt3.ggpht.com/CZG0CoxHihqKyaixaKmTWzAN5W8BHC3udffGdSlHkj8L8cEXL6CtWcVXSATKLxDcoSwvd2-r7E4=s88-c-k-c0x00ffffff-no-rj
UC5jrGDpspOWz4n310vA6wUg,Ø³ØªÙˆØ±ÙŠ ÙˆÙ† - Story One,"Ø³ØªÙˆØ±ÙŠ ÙˆÙ† - Story One

 Ù‚Ù†Ø§Ø© Ø§Ø®Ø¨Ø§Ø±ÙŠØ© Ø«Ù‚Ø§ÙÙŠØ© 
ØªÙ‡ØªÙ… Ø¨Ø§Ù„Ø´Ø£Ù† Ø§Ù„Ø¹Ø±Ø¨ÙŠ ÙˆØ§Ù„Ø¹Ø§Ù„Ù…ÙŠ 
ÙˆÙ†Ø³Ù„Ø· Ø§Ù„Ø¶ÙˆØ¡ Ø¹Ù„Ù‰ Ø§Ù„ØªØ§Ø±ÙŠØ® Ø§Ù„Ù‚Ø¯ÙŠÙ… 

ÙƒÙ…Ø§ Ø§Ù†Ù†Ø§ Ø¨Ø¹ÙŠØ¯ÙˆÙ† ÙƒÙ„ Ø§Ù„Ø¨Ø¹Ø¯ Ø¹Ù† Ø§Ù„ØªØ¨Ø¹ÙŠØ© Ù„Ø£ÙŠ Ø§Ù„Ø§Ø·Ø±Ø§Ù 

#Ù†Ù„ØªØ²Ù… Ø§Ù„Ø­ÙŠØ§Ø¯ Ù„ØªØµÙ„Ùƒ Ø§Ù„Ø­Ù‚ÙŠÙ‚Ø©
",2016-02-01T18:48:21Z,563000,111487597,877,MA,https://yt3.ggpht.com/cHPnzLFFikr0rgZglhABrkCvXE97BZF-WZ0G2hleXEzHHcRYCdkHbn1Ck9sgE1PzQ_OE3eR97A=s88-c-k-c0x00ffffff-no-rj
UCvz84_Q0BbvZThy75mbd-Dg,Zack D. Films,"A Collection of Things I Find Interesting 


",2021-06-07T23:35:47.434454Z,21600000,39248266906,1890,US,https://yt3.ggpht.com/BmuAho1g50N6CbZc-OP3ievIbXopecRp5xxYwUWEEPNpVaa0afIZn8UoQCYxQQpEDQ5LabHDgg=s88-c-k-c0x00ffffff-no-rj
UC1B17hodgVVOQcCl42TfuCA,Mete Kayagil,"Hello ben Mete. KanalÄ±mda oyunculuk yaparak kurgu senaryolarla birbirinden farklÄ± hayali karakterleri canlandÄ±rÄ±yorum.  HaftanÄ±n her gÃ¼nÃ¼ shorts, cumartesi gÃ¼nleri ise uzun videolar paylaÅŸÄ±yorum. UmarÄ±m yÃ¼zÃ¼nÃ¼zde bir nebze olsun gÃ¼lÃ¼mseme oluÅŸturabilirim. Ä°yi seyirler. :)
",2016-11-12T17:18:39Z,6760000,10620373406,1110,TR,https://yt3.ggpht.com/H5EepJXIHghQwECSjBbItVC-2W0GsphIt-Cer-81Bl8WN3YmbMrNdO4f9Q5Ca0qkYoC29DM5MzI=s88-c-k-c0x00ffffff-no-rj
UCa_j87JVaIFsih17eJMD6Fw,MrRelevante,"Contando Historias de grandes personajes del cine caracterizadas por superaciÃ³n, Disciplina y voluntad, para motivarte en la lucha constante por alcanzar el desarrollo personal. Y recuerda tu tambiÃ©n eres RELEVANTE !!!",2022-11-24T17:13:21.011366Z,1710000,1140422603,708,US,https://yt3.ggpht.com/NNAt2vONzrqN1jwlMQwUmMFMdUOCR0J4zdyPOtm2qy1Fz0bQ5nVCAnBbUxkHHUMJvJdJjMeM=s88-c-k-c0x00ffffff-no-rj
UCwKHygfd3opN04saX8qGRjQ,Adhemz,"BRINGING THE MULTIVERSE TO LIFE! Join the Zgang 

Business: ADHEMZ@FIXATED.CO

Music Verification: JI98W6",2012-02-28T08:11:23Z,18800000,11506257556,2824,NZ,https://yt3.ggpht.com/0Vh0c5rp7j62lPLtUxzYFhK4Xh-7Q7IGoSa0WzMmtN5aiB8EcGyOxeJLALQdkgPzoqSBqrCNpg=s88-c-k-c0x00ffffff-no-rj
UCafYgzpyw7aIUYOLjjADu7w,News18 UP Uttarakhand,"SUBSCRIBE to get the Latest News & Updates - http://bit.ly/News18UP
News18 Mobile App - https://onelink.to/desc-youtube
Follow Us on Social Media:
Website: https://bit.ly/3auydBL
Twitter: https://twitter.com/News18UP
               https://twitter.com/News18_UK
Facebook: https://www.facebook.com/News18UP/
                      https://www.facebook.com/News18UK/
About Channel:
News18 UP Uttarakhand is one of India's leading Hindi news channel and can be watched live on YouTube. News18 UP Uttarakhand news channel is a part of Network 18. Topics such as politics, education, health, environment, economy, business, sports, and entertainment are covered by this channel. The channel gives nationwide coverage.
News18 UP Uttarakhand ,à¤­à¤¾à¤°à¤¤ à¤•à¤¾ à¤à¤• à¤®à¤¾à¤¤à¥à¤° à¤­à¤°à¥‹à¤¸à¥‡à¤®à¤‚à¤¦ à¤”à¤° à¤²à¥‹à¤•à¤ªà¥à¤°à¤¿à¤¯ à¤¨à¥à¤¯à¥‚à¤œà¤¼ à¤šà¥ˆà¤¨à¤² à¤¹à¥ˆà¥¤ à¤¯à¤¹ à¤šà¥ˆà¤¨à¤² à¤¨à¥‡à¤Ÿà¤µà¤°à¥à¤• à¥§à¥® à¤•à¤¾ à¤¹à¤¿à¤¸à¥à¤¸à¤¾ à¤¹à¥ˆà¥¤ à¤¯à¤¹ à¤šà¥ˆà¤¨à¤² à¤‰à¤¤à¥à¤¤à¤°à¤ªà¥à¤°à¤¦à¥‡à¤¶ à¤à¤µà¤‚ à¤‰à¤¤à¥à¤¤à¤°à¤¾à¤–à¤‚à¤¡ à¤•à¥‡ à¤¸à¤­à¥€ à¤•à¥à¤·à¥‡à¤¤à¥à¤°à¥€à¤¯ à¤–à¤¬à¤°à¥‹à¤‚ à¤•à¥‡ à¤¸à¤¾à¤¥ à¤¸à¤¾à¤¥ à¤¸à¤°à¤•à¤¾à¤°, à¤°à¤¾à¤œà¤¨à¥€à¤¤à¤¿, à¤ªà¤°à¥à¤¯à¤¾à¤µà¤°à¤£ , à¤–à¥‡à¤²-à¤•à¥‚à¤¦ à¤¸à¥‡ à¤œà¥à¤¡à¤¼à¥€ à¤°à¤¾à¤·à¥à¤Ÿà¥à¤°à¥€à¤¯ à¤à¤µà¤‚ à¤…à¤‚à¤¤à¤°à¤¾à¤·à¥à¤Ÿà¥à¤°à¥€à¤¯ à¤–à¤¬à¤°à¥‡à¤‚ à¤ªà¥à¤°à¤¸à¤¾à¤°à¤¿à¤¤ à¤•à¤°à¤¤à¤¾ à¤¹à¥ˆ|
",2010-06-16T10:11:50Z,8790000,3792024290,209209,IN,https://yt3.ggpht.com/qf5BdXxgdMXutHsPx7Y9QH-EFfhA-8hkHNPPbYtMfj9SQWyQxEjlq4EYUtdmn52zQ5mUwG29dg=s88-c-k-c0x00ffffff-no-rj
UCNUFterLJ9vpFZZ0try7sLA,SOMOY TV Bulletin,"""SOMOY TV"" is the Most Popular News Based TV Channel in Bangladesh.  

""SOMOY TV"" is the Bangladesh Government Approved Most Popular Reliable News Source and Leading 24/7 News Based TV Channel in Bangladesh by Company Name : ""SOMOY Media Limited"".

We are using Multi-screening Digital Technology where Audience can watch 'SOMOY TV'  through Satellite Feed, Live Streaming, Website, any kind of Mobile Device, OTT, Smart TV etc.  

Somoy TV has the sole rights of all contents and it does not give permission to any business entity or individual to use these contents except â€SOMOY TV (SOMOY Media Limited).

Website: http://www.somoynews.tv
Facebook: http://www.facebook.com/somoynews.tv
Twitter: http://www.twitter.com/somoytv 

#somoytv #somoynews #somoytvbulletin #news #banglanews 
",2017-07-12T13:27:19Z,8500000,3121864265,79409,BD,https://yt3.ggpht.com/7F-3_9yjPiMJzBAuD7niglcJmFyXCrFGSEugcEroFrIkxudmhiZ9i-Q_pW4Zrn2IiCLN5dQX8A=s88-c-k-c0x00ffffff-no-rj
UCSy3TvvwAV12MD0rLsHyClQ,WWE on USA,"WWE on USA is the official destination for all of your favorite WWE Superstars from Raw, NXT 2.0, and SmackDown.
 
Cody Rhodes, Seth Rollins, Edge, Becky Lynch, Bianca Belair, and others square off in the ring and behind the scenes. If it's WWE Raw, it must be Monday. Tune in to Raw every Monday at 8/7c on USA Network. 
 
Donâ€™t miss Roxanne Perez, Johnny Gargano, Cora Jade, Bron Breakker, and more on NXT 2.0 every Tuesday at 8/7c on USA Network.
 
USA Network has been the home of WWE programming for decades. Watch live and full episodes on the free USA app: https://usa.app.link/gAjGYP9cIeb. Subscribe to USA Network: https://usanet.tv/2u3tOVHâ€¯
 
Peacock is now the exclusive home of WWE Network. Stream now on Peacock: https://pck.tv/3s4aWyr
 
WWE on USA is part of NBCUniversal, one of the world's leading media and entertainment companies. NBCUniversal is a subsidiary of Comcast Corporation.
",2021-03-10T21:24:50.568451Z,768000,490000121,3443,US,https://yt3.ggpht.com/ytc/AIdro_km7dt79kGP3yc0F7vUFMv0UQ-Gl2Gx489SACilMfdmcg=s88-c-k-c0x00ffffff-no-rj
UC9Bjwt2uBUkspqGHF4MQatw,Natupuboldi,"PROPUESTAS POR MAIL! 
natupuboldi@gmail.com 

SUBO VIDEOS TODOS LOS DÃAS ! 

Seguime en instagram! 
https://www.instagram.com/natiiuboldi
ENTRADAS PARA MI SHOW EN ARGENTINA: https://www.plateanet.com/obra/30783?obra=NATI-UBOLDI---EL-ULTIMO-CLICK&paso=inicio&fbclid=PAZXh0bgNhZW0CMTEAAaZ2LDBEq57fDZIMbWCf_AM067qXhzAe4WOAXXRWXmp70Yh7YL1URodPSMI_aem_culc-tdUFFn6sOuiSZfMUQ
",2016-07-29T19:52:54Z,18800000,8866435247,1159,AR,https://yt3.ggpht.com/ZhkQ3IX2-JUAUc1eX1VD2H6vVUWcl78FQ0qcS7GsAzFroWqY-R0xRJZG8Wqh7beN3FTneONb6wQ=s88-c-k-c0x00ffffff-no-rj
UCiEEF51uRAeZeCo8CJFhGWw,Netflix Korea ë„·í”Œë¦­ìŠ¤ ì½”ë¦¬ì•„,"ë„·í”¼ë””ê°€ í•˜ë“œ íƒˆíƒˆ í„¸ì–´ ê³µê°œí•˜ëŠ” ë„·í”Œë¦­ìŠ¤ì˜ ëª¨ë“  ê²ƒğŸŒŸ
#êµ¬ë…ì€ì‚¬ë‘ #ì¢‹ì•„ìš”ëŠ”ê°ë™ #ì•Œë¦¼ì„¤ì •ì€ì§„ì‹¬

",2015-12-05T22:13:13Z,2300000,1290348019,4867,KR,https://yt3.ggpht.com/A_FS30pNKvIuf79LJSRUzPRaDGOsKUmWw9lWYBSY6v2RyalL2hSjtgv4IV2R39CEOreM8A2Vcw=s88-c-k-c0x00ffffff-no-rj
UCXzs4ZknZKageuV7uLUleVQ,Isabell afro,DanishğŸ‡©ğŸ‡° creator travelling the ğŸŒ | ğŸ“©: isaray@aainfluence.com,2012-09-08T14:21:16Z,7490000,5569661839,738,DK,https://yt3.ggpht.com/EfWfY-kZ53NCbR7RP9o-ApMzAtdeH8eqyJBeJ7-SMm5BhRcxQuTXbWuG7kBc4dKwodRSg3KRAXo=s88-c-k-c0x00ffffff-no-rj
UCupvZG-5ko_eiXAupbDfxWw,CNN,"CNN is the world leader in news and information and seeks to inform, engage and empower the world. Staffed 24 hours, seven days a week by a dedicated team in CNN bureaus around the world, CNN delivers news from almost 4,000 journalists in every corner of the globe.
",2005-10-02T16:06:36Z,18300000,18218712351,172637,US,https://yt3.ggpht.com/wSqAf5WdxsGsl7ZMtlyfz3qKULo_URoFjmKky0gLThm_Jtu2wsVHMu-XzGZPAb-z8zeMBYUUMYA=s88-c-k-c0x00ffffff-no-rj
UCjcZfaPzpgifneY4aZgLGrQ,deagzzzshorts,"iShowSpeed Editor âš¡âš¡

âœ… Edited by me to add that extra flair and ensure you get the best entertainment possible.
âœ… I edit on Adobe Premiere Pro and After Effects. 

ğŸ“© Contact me:
For copyright issues, credits, inquiries, or removal requests, feel free to reach out at: deagzzzshorts@gmail.com

I ensure all my videos are transformative, featuring original commentary and creative edits that add significant value beyond the original sources.

Copyright Disclaimer:
Under Section 107 of the Copyright Act 1976, allowance is made for ""fair use"" for purposes like criticism, comment, news reporting, teaching, scholarship, and research. Fair use is permitted by copyright law that might otherwise be infringing. Non-profit, educational, or personal use tips the balance in favor of fair use.
",2022-10-13T13:04:45.097668Z,3070000,4602326253,601,US,https://yt3.ggpht.com/idL_eXoeRU2n4hFpUVW3ueFi3acqVWqOFZwpud0mzERGDobLBOIJ7UyWqCRWAIJVGGr0ua4pVA=s88-c-k-c0x00ffffff-no-rj
UCSboUaZUR5E9aBbr8G6qNvw,Ms Julia,"ğŸ™ğŸ™Welcome to Ms Julia!ğŸ™ğŸ™

Subscribe and stay tuned",2023-09-08T12:17:23.976231Z,1270000,134409443,158,IN,https://yt3.ggpht.com/LVdvdG1J2z5tFKJmOqKoZAwgcCWFdKjreS4efhEboDqX1mzcbXbawSUlW6ffCuUAsKKpinkTosc=s88-c-k-c0x00ffffff-no-rj
UC-zFlO_r7KsZLSP-oqZ7ftA,ZiYummy,"ğŸ‰Welcome to ZiYummyâ€“ Where AI Meets Human Genius! ğŸš€
Daily dose of AI-powered hilarity! 
ğŸ¤–âœ¨ born from our team's wild ideas supercharged by AI magic.

Why us?
âœ… AI-generated visuals + 100% human-crafted concepts
âœ… Fresh madness DAILY

SPECIAL NOTE: Every pixel you see is AI-powered but human-crafted â€“ our creative team spends 2-3 hours per video turning coffee into cartoon gold! 
ğŸ¤–â˜•
Subscribe for:     
Mind-bending AI art with soul ğŸŒ€     
your idea might become tomorrow's viral hit! ğŸ”¥
",2025-03-25T04:47:04.385069Z,90300,358273789,152,US,https://yt3.ggpht.com/EfbyssfLwKjMtWXYyjdfAD-cdD5xhT1fvOd8N4AuO9V43ClCy_jLI7mDKnC7-Hm5r9LWVppWKUU=s88-c-k-c0x00ffffff-no-rj
UCUDQdVsKssximyFwg4IxnOQ,NTV News,"NTV News  AT A GLANCE
From unbiased and comprehensive News to Entertainment programs, International Television Channel Ltd. (NTV) has maintained its flagship position across all verticals since its beginning and has become one of Bangladesh's most popular TV channels. With the slogan â€˜Somoyer Sathe Agamir Potheâ€™ meaning â€˜heading towards the future with timeâ€™, holding Bangla language and culture close to heart, Al-haj Mohammad Mosaddak Ali founded NTV on 3 July 2003.
",2015-10-29T07:46:32Z,6860000,2065608017,89178,BD,https://yt3.ggpht.com/ZcYmoynvuv7AIJwnPon5Hq10hNUK2Ct-TA-nYvW8joYyvbAG9ZCg9aiUypHdpfzY-xT7R5KnJqU=s88-c-k-c0x00ffffff-no-rj
UC2BKi0lRr_0yYcgsR6GKGsA,Emiirbayrak,"hi :)

IMPRESSUM

Emir-Han Bayrak
c/o Matie Management GmbH
Pappelallee 78/79 
10437 Berlin
 
Telefon: +49 (0) 30 66868900 (bitte nur fÃ¼r Businessanfragen! Emir ist nicht privat erreichbar unter dieser Nummer)
E-mail: business@emirbyr.com


",2020-10-08T18:51:25.691557Z,1190000,1977342883,1708,DE,https://yt3.ggpht.com/ytc/AIdro_ltXNjlqVwTijzAgQN0ae6BGVtnvMWaQlDQWgctuP8Jkg=s88-c-k-c0x00ffffff-no-rj
UCiKNvzMjBFowg5Sj6pevymA,META PCs,"We Build High Quality Custom PCs. Located in Arizona ğŸœï¸, We Ship Nationwide US

Sponsorship Inquiries: metapcs@theblendedgroup.com
",2021-03-19T15:19:46.3105Z,678000,710422758,1032,US,https://yt3.ggpht.com/aZwol4TOVtA0XO5MOZoKP6HV8eo0Zo4TOMYd2r5fGf4CQFHaii25nMDlnGHYe1jS1W0iBKTEZg=s88-c-k-c0x00ffffff-no-rj
UC6ABNFIGTdN41wC-PccaIKA,Andrey Grechka,"FUNNY VIDEOS EVERY DAY - SUBSCRIBE â¤ï¸ğŸŒµ


ğŸ“© ads.grechka@gmail.com
",2023-01-08T09:37:17.570997Z,24200000,22328797888,2084,US,https://yt3.ggpht.com/rPKAl8x9uAQpcSUC-b4MJnZoLcEZEv0P33u1h9VcgSSh5gFXXbI_ptzJhA9Tpih8inxbz4N9KQc=s88-c-k-c0x00ffffff-no-rj
UC_cecSRU92J2m-BrgbEyfSQ,The Roamer Amit,"Moj masti aur vloggingâ¤ï¸ğŸ•¶
.
.
Instagram: @theroameramitt
.
.
1k     : 03/12/2022
10k   : 08/12/2022
100k :16/12/2022
1M.   : 19/07/2023

For collaboration ğŸ“© :
theroameramitbusiness@gmail.com",2022-10-25T02:26:55.902096Z,2150000,1476695260,695,IN,https://yt3.ggpht.com/BywmBOtrUuUySsgd1gr9iloIGCTMo7CwI5olROh9nW3GqWbucmoSUQmwx33is4dyapmS73Tv=s88-c-k-c0x00ffffff-no-rj
UCcO3pf47GO1rxL4tlWEs5Ow,Giuliana Mafra,"giuliana@wupper.com.br
a menina das curiosidades, life hacks e mistÃ©rios ğŸ‘€",2013-10-01T21:22:45Z,6950000,8850259501,2302,BR,https://yt3.ggpht.com/ajjHrrSK3Jpe7MLGXKKACnNeLMH3tHyJ8XQWtEsGeCjEyel9J2Z5gQLrkNu6lQOePo4grchqkwA=s88-c-k-c0x00ffffff-no-rj
UC59Ied2j88dZUw7PzJa2-YA,Hew Moran,"i make dumb videos... ENJOY!
",2017-03-08T21:22:15Z,7790000,2802924132,757,US,https://yt3.ggpht.com/Ll4p3lapFBzCIaUPhCV2TW9I_jHkyRNwqGtWbL8igO4CN8-2_TPzSUCf44U4nCJvCWzC5mqXV2Y=s88-c-k-c0x00ffffff-no-rj
UCq0Havl86jkFbzDzwXxG6Sw,Can Jack Russo,,2021-07-12T22:44:49.318172Z,749000,1359515468,3063,US,https://yt3.ggpht.com/FNFT1lJht_U5CzrAirlBt3MxcXPNFfVoB6t4EIC9gCu_ANq5QN9nBzWlMMlMkcmjEW5Ndgt_Ww=s88-c-k-c0x00ffffff-no-rj
UCJqQgY1_Ss4aqm74Slm8KJQ,Espacinho da Mary,"ğŸ‰ Bem-vindos ao Espacinho da Mary! ğŸ¶

Aqui, a magia da mÃºsica e da diversÃ£o se encontram para encantar crianÃ§as de todas as idades! ğŸ§¸ğŸŒˆ

ğŸ‘©â€ğŸ« O que vocÃª encontra aqui?
ğŸµ MÃºsicas Infantis Educativas: Cheias de alegria, gestos e mensagens especiais para aprender brincando.
ğŸ–ï¸ Brincadeiras Interativas: CanÃ§Ãµes que ajudam no desenvolvimento motor, cognitivo e emocional dos pequenos.
âœ¨ Momentos MÃ¡gicos: Cada vÃ­deo Ã© feito com amor para tornar o aprendizado divertido e inesquecÃ­vel.
ğŸŒŸ Por que escolher o Espacinho da Mary?

ğŸ’– Acompanhamos as primeiras palavras, os primeiros passos e a curiosidade das crianÃ§as.
ğŸ¶ Unimos mÃºsica e educaÃ§Ã£o para criar momentos Ãºnicos em famÃ­lia.
ğŸ“ˆ Com uma comunidade crescente de mais de 1M de inscritos no YouTube, somos parte do aprendizado e da alegria de milhares de crianÃ§as!

ğŸ“± Acompanhe nas redes sociais:
Instagram: @espacinhodamary
TikTok: @espacinhodamary

Contato/Parceria: caixinhadatiamary@gmail.com
",2022-02-24T16:09:08.210382Z,2100000,1571841695,595,BR,https://yt3.ggpht.com/Sed413EqJso_s4Ina9Ffd_6z9cbXK_N2D312JJnyZkFLG0PNR-W5RWSl7NDyKGp3fm-78r5r=s88-c-k-c0x00ffffff-no-rj
UCsDdbtVdq9KeAqz0UvzgsfA,Ø±Ø¤ÙŠØ© | Roâ€™ya,,2016-10-11T14:37:09Z,1170000,32998722,65,US,https://yt3.ggpht.com/nHmmx3V2BGV2oMhHpFUGBkSyHq_45cAM5onIKVizFUDYyugWCx8dKiQgJcHOSzkRgkY6wPMmGQ=s88-c-k-c0x00ffffff-no-rj
UCtqvtAVmad5zywaziN6CbfA,Ekattor TV,"First Full HD News Channel In Bangladesh.

Ekattor is the First TWO-WAY News and Current Affairs Television of Bangladesh with cutting-edge technology as well as excellence in contents. It's the First Full HD television of Bangladesh and pioneer in many other aspects of television industry of Bangladesh as well as South Asia region. The television marked its signature in broadcast journalism around the country and abroad.
Connecting News and People is the USP of the Channel. Upholding the spirit of Liberation War of Bangladesh is the editorial position of the station.

Ekattor Media Limited.
Name of Satellites : Bangabandhu 1
Orbital Position : 119.1Â°E
Downlink Frequency : 4600 MHz
Symbol Rate : 30000 MSym/s
FEC : 3/4
DVBS2
Polarization : Horizontal
Modulation Type : 8PSK",2011-11-30T07:59:55Z,14200000,9858035169,159325,BD,https://yt3.ggpht.com/Pec1DLUaqFyG2la6PGAQ9Q7OOY0QF2okTdfvKS4SjseZUKlNb_ydSOT2AFfrjbrdZ3VlitG-=s88-c-k-c0x00ffffff-no-rj
UC4NkrgG3cDOu1d-5RP50BLg,MarvinBlox,User de Roblox: MarvinBlox11,2019-09-30T23:14:31Z,990000,344409224,262,US,https://yt3.ggpht.com/3LClpJ6H0vhT-w2cqf3kJe6Qs3BmcLv2xpriofEszRz0L372B8xxvHbG_q0A-FLv-nlutGnpRQ=s88-c-k-c0x00ffffff-no-rj
UCyN5DOHow5Rhxu2aYIoQ2Qg,XDSchool,Minecraft Animation,2020-10-27T05:00:19.19643Z,19400000,7672789131,5600,US,https://yt3.ggpht.com/ytc/AIdro_nwPe75WAcmX8r7aal59blQjjxph9qBFhNTTdie09VKmdE=s88-c-k-c0x00ffffff-no-rj
UC8id8PPmTd6aqfpUnQzUaxw,RubÃ©n Tuesta oficial,"

",2016-08-02T19:25:39Z,27100000,17804787832,1510,AR,https://yt3.ggpht.com/LX1KNJ0vm3jd3pDw9XP6qX1AqdJmMsuZR6TUHJ2woh5zuOrjjV1sWnVUP3EHyr4QZWZ7JnFPjQM=s88-c-k-c0x00ffffff-no-rj
UCYalWwW79BdxmMTKUyBFj5g,Shubhankar Mishra ," Journalist| A ( Aajtak) to Z (Zee News) of news- seen it all. A Common Man Doing Calm se kaam| |

Enquiry: info.shubhankarmishra@gmail.com ",2018-04-26T10:42:02Z,5930000,1209461870,1339,IN,https://yt3.ggpht.com/c9PKwRzBOjJq1Ri7-ikem6ZboWvKHbF3-iwDnKeKWIt3WEpht2o4TzddyZjAeZOiwo9kpu5krA=s88-c-k-c0x00ffffff-no-rj
UCNye-wNBqNL5ZzHSJj3l8Bg,Al Jazeera English,"#AlJazeeraEnglish, we focus on people and events that affect people's lives. We bring topics to light that often go under-reported, listening to all sides of the story and giving a 'voice to the voiceless.'

Our impartial, fact-based reporting wins worldwide praise and respect. It is our unique brand of #journalism that the world has come to rely on.

We are reshaping global media and constantly working to strengthen our reputation as one of the world's most respected #news and #CurrentAffairs channels.",2006-11-23T14:12:43Z,16000000,5680021908,126646,QA,https://yt3.ggpht.com/IQJ3YwNpaJRPpOM1Gab8xBZiDhsgq2gtM3KZQKk8JCZjhxOPxuuzyUVCTWpyp9eAEyS-QQsdRA=s88-c-k-c0x00ffffff-no-rj
UC26T_YGKJaqfDE_nPxckF0w,Alcaraz AEP,"hey guys i'm alcaraz.aep. I do high quality tennis edits. if you like tennis you will like my videos ğŸ‘ŠğŸ»ğŸ™ğŸ»

don't forget to subscribe!!

ğŸ“©: alcarazaep@gmail.com
",2022-05-28T04:03:42.775115Z,184000,285675937,211,US,https://yt3.ggpht.com/cUQz7MKGKJCabSgpZCvqJRpEY8BxgTXC6jWdGf_NgiyddO4W0KKdykGbDtOco4kADWFGpo9F=s88-c-k-c0x00ffffff-no-rj
